{"cameraMode":{"drawMode":0,"name":"Shaded","section":"Shading Mode"},"sceneLighting":false,"audioPlay":false,"sceneViewState":{"showFog":true,"showMaterialUpdate":true,"showSkybox":true,"showFlares":true,"showImageEffects":true,"showParticleSystems":true},"in2DMode":false,"pivot":{"x":1213.75048828125,"y":0.9383189678192139,"z":1265.7239990234375},"rotation":{"x":0.2950173318386078,"y":0.38309746980667117,"z":-0.13057857751846314,"w":0.865534782409668},"size":5.31911039352417,"orthographic":true}