{"cameraMode":{"drawMode":0,"name":"Shaded","section":"Shading Mode"},"sceneLighting":false,"audioPlay":false,"sceneViewState":{"showFog":true,"showMaterialUpdate":true,"showSkybox":true,"showFlares":true,"showImageEffects":true,"showParticleSystems":true},"in2DMode":false,"pivot":{"x":508.8963317871094,"y":0.8999999761581421,"z":211.75173950195313},"rotation":{"x":0.0634879618883133,"y":-0.8762618899345398,"z":0.12035824358463288,"w":0.4622209668159485},"size":3.878291368484497,"orthographic":true}