{"cameraMode":{"drawMode":0,"name":"Shaded","section":"Shading Mode"},"sceneLighting":false,"audioPlay":false,"sceneViewState":{"showFog":true,"showMaterialUpdate":true,"showSkybox":true,"showFlares":true,"showImageEffects":true,"showParticleSystems":true},"in2DMode":false,"pivot":{"x":348.88873291015627,"y":1.0,"z":170.0594024658203},"rotation":{"x":0.20866180956363679,"y":0.35424456000328066,"z":-0.08141276985406876,"w":0.9079334139823914},"size":3.500178575515747,"orthographic":true}