{"cameraMode":{"drawMode":0,"name":"Shaded","section":"Shading Mode"},"sceneLighting":false,"audioPlay":false,"sceneViewState":{"showFog":false,"showMaterialUpdate":false,"showSkybox":false,"showFlares":false,"showImageEffects":false,"showParticleSystems":false},"in2DMode":false,"pivot":{"x":321.12249755859377,"y":1.2002670764923096,"z":393.4247741699219},"rotation":{"x":0.04965011775493622,"y":-0.9476056694984436,"z":0.25706005096435549,"w":0.1830260008573532},"size":16.36605453491211,"orthographic":true}