{"cameraMode":{"drawMode":0,"name":"Shaded","section":"Shading Mode"},"sceneLighting":false,"audioPlay":false,"sceneViewState":{"showFog":true,"showMaterialUpdate":true,"showSkybox":false,"showFlares":true,"showImageEffects":true,"showParticleSystems":true},"in2DMode":false,"pivot":{"x":-0.0361328125,"y":-0.04901123046875,"z":-1.7467041015625},"rotation":{"x":0.04800970107316971,"y":0.9322133660316467,"z":-0.13460153341293336,"w":0.33249926567077639},"size":1.949125051498413,"orthographic":true}