{"cameraMode":{"drawMode":0,"name":"Shaded","section":"Shading Mode"},"sceneLighting":false,"audioPlay":false,"sceneViewState":{"showFog":true,"showMaterialUpdate":true,"showSkybox":true,"showFlares":true,"showImageEffects":true,"showParticleSystems":true},"in2DMode":false,"pivot":{"x":1213.75048828125,"y":0.9383189678192139,"z":1265.7239990234375},"rotation":{"x":0.061660200357437137,"y":-0.5568919777870178,"z":0.04150834307074547,"w":0.8272523283958435},"size":5.31911039352417,"orthographic":true}