{"cameraMode":{"drawMode":0,"name":"Shaded","section":"Shading Mode"},"sceneLighting":false,"audioPlay":false,"sceneViewState":{"showFog":true,"showMaterialUpdate":true,"showSkybox":false,"showFlares":true,"showImageEffects":true,"showParticleSystems":true},"in2DMode":false,"pivot":{"x":339.2828369140625,"y":0.8183190226554871,"z":155.67491149902345},"rotation":{"x":0.22404593229293824,"y":0.12878315150737763,"z":-0.02988210693001747,"w":0.9655700325965881},"size":5.319092273712158,"orthographic":true}