{"cameraMode":{"drawMode":0,"name":"Shaded","section":"Shading Mode"},"sceneLighting":false,"audioPlay":false,"sceneViewState":{"showFog":true,"showMaterialUpdate":true,"showSkybox":false,"showFlares":true,"showImageEffects":true,"showParticleSystems":true},"in2DMode":false,"pivot":{"x":342.3883972167969,"y":0.8505318760871887,"z":162.41217041015626},"rotation":{"x":0.29392746090888979,"y":-0.7055476903915405,"z":0.4718831479549408,"w":0.4394718110561371},"size":6.605903625488281,"orthographic":true}