{"cameraMode":{"drawMode":0,"name":"Shaded","section":"Shading Mode"},"sceneLighting":false,"audioPlay":false,"sceneViewState":{"showFog":true,"showMaterialUpdate":true,"showSkybox":true,"showFlares":true,"showImageEffects":true,"showParticleSystems":true},"in2DMode":false,"pivot":{"x":356.98828125,"y":0.832585871219635,"z":146.0035858154297},"rotation":{"x":-0.23352961242198945,"y":-0.2674020826816559,"z":0.06697153300046921,"w":-0.932456374168396},"size":293.8619384765625,"orthographic":true}