{"cameraMode":{"drawMode":0,"name":"Shaded","section":"Shading Mode"},"sceneLighting":false,"audioPlay":false,"sceneViewState":{"showFog":true,"showMaterialUpdate":true,"showSkybox":true,"showFlares":true,"showImageEffects":true,"showParticleSystems":true},"in2DMode":false,"pivot":{"x":347.2468566894531,"y":0.4545653760433197,"z":180.68072509765626},"rotation":{"x":0.13866324722766877,"y":-0.07360728085041046,"z":0.010335702449083329,"w":0.9875462651252747},"size":1.2991304397583008,"orthographic":true}