{"cameraMode":{"drawMode":0,"name":"Shaded","section":"Shading Mode"},"sceneLighting":false,"audioPlay":false,"sceneViewState":{"showFog":true,"showMaterialUpdate":true,"showSkybox":false,"showFlares":true,"showImageEffects":true,"showParticleSystems":true},"in2DMode":false,"pivot":{"x":350.71759033203127,"y":2.625,"z":183.68075561523438},"rotation":{"x":-0.26365357637405398,"y":-0.03616267070174217,"z":0.009891225956380368,"w":-0.9638886451721191},"size":10.620540618896485,"orthographic":true}