{"cameraMode":{"drawMode":0,"name":"Shaded","section":"Shading Mode"},"sceneLighting":false,"audioPlay":false,"sceneViewState":{"showFog":true,"showMaterialUpdate":true,"showSkybox":true,"showFlares":true,"showImageEffects":true,"showParticleSystems":true},"in2DMode":false,"pivot":{"x":357.0,"y":2.0400338172912599,"z":143.13917541503907},"rotation":{"x":-0.04493878781795502,"y":-0.47150692343711855,"z":0.024067342281341554,"w":-0.8803877234458923},"size":3.0091605186462404,"orthographic":true}