{"cameraMode":{"drawMode":0,"name":"Shaded","section":"Shading Mode"},"sceneLighting":false,"audioPlay":false,"sceneViewState":{"showFog":true,"showMaterialUpdate":true,"showSkybox":false,"showFlares":true,"showImageEffects":true,"showParticleSystems":true},"in2DMode":false,"pivot":{"x":343.5455627441406,"y":0.2657029628753662,"z":146.660888671875},"rotation":{"x":-0.24026155471801759,"y":-0.5611761212348938,"z":0.17451485991477967,"w":-0.7725933194160461},"size":2.8068718910217287,"orthographic":true}