{"cameraMode":{"drawMode":0,"name":"Shaded","section":"Shading Mode"},"sceneLighting":false,"audioPlay":false,"sceneViewState":{"showFog":true,"showMaterialUpdate":true,"showSkybox":true,"showFlares":true,"showImageEffects":true,"showParticleSystems":true},"in2DMode":false,"pivot":{"x":270.646240234375,"y":1.4380700588226319,"z":392.27154541015627},"rotation":{"x":-0.11820767819881439,"y":0.7501131296157837,"z":-0.13952048122882844,"w":-0.6355245113372803},"size":23.095285415649415,"orthographic":true}