{"cameraMode":{"drawMode":0,"name":"Shaded","section":"Shading Mode"},"sceneLighting":false,"audioPlay":false,"sceneViewState":{"showFog":true,"showMaterialUpdate":true,"showSkybox":false,"showFlares":true,"showImageEffects":true,"showParticleSystems":true},"in2DMode":false,"pivot":{"x":339.0322570800781,"y":0.8999999761581421,"z":156.1156005859375},"rotation":{"x":0.2971472144126892,"y":0.3906122148036957,"z":-0.1348421573638916,"w":0.860780656337738},"size":0.3250706195831299,"orthographic":true}