{"cameraMode":{"drawMode":0,"name":"Shaded","section":"Shading Mode"},"sceneLighting":false,"audioPlay":false,"sceneViewState":{"showFog":true,"showMaterialUpdate":true,"showSkybox":false,"showFlares":true,"showImageEffects":true,"showParticleSystems":true},"in2DMode":false,"pivot":{"x":339.03253173828127,"y":1.6243419647216797,"z":155.6905059814453},"rotation":{"x":0.0024878752883523704,"y":0.9899208545684815,"z":-0.14051134884357453,"w":0.017526833340525628},"size":1.0502541065216065,"orthographic":true}