{"cameraMode":{"drawMode":0,"name":"Shaded","section":"Shading Mode"},"sceneLighting":false,"audioPlay":false,"sceneViewState":{"showFog":true,"showMaterialUpdate":true,"showSkybox":false,"showFlares":true,"showImageEffects":true,"showParticleSystems":true},"in2DMode":false,"pivot":{"x":-1.3240852355957032,"y":2.8542211055755617,"z":0.026641665026545526},"rotation":{"x":-0.007571370340883732,"y":0.9305286407470703,"z":-0.365633487701416,"w":-0.019267743453383447},"size":15.1400728225708,"orthographic":true}