{"cameraMode":{"drawMode":0,"name":"Shaded","section":"Shading Mode"},"sceneLighting":false,"audioPlay":false,"sceneViewState":{"showFog":true,"showMaterialUpdate":true,"showSkybox":false,"showFlares":true,"showImageEffects":true,"showParticleSystems":true},"in2DMode":false,"pivot":{"x":342.3883972167969,"y":-0.002443164587020874,"z":162.60513305664063},"rotation":{"x":0.29392746090888979,"y":-0.7055476903915405,"z":0.4718831479549408,"w":0.4394718110561371},"size":22.0,"orthographic":false}