{"cameraMode":{"drawMode":0,"name":"Shaded","section":"Shading Mode"},"sceneLighting":false,"audioPlay":false,"sceneViewState":{"showFog":true,"showMaterialUpdate":true,"showSkybox":true,"showFlares":true,"showImageEffects":true,"showParticleSystems":true},"in2DMode":false,"pivot":{"x":373.6136474609375,"y":4.296506881713867,"z":114.62477111816406},"rotation":{"x":0.018277766183018686,"y":0.9815606474876404,"z":-0.14322930574417115,"w":0.12525983154773713},"size":275.378662109375,"orthographic":true}