{"cameraMode":{"drawMode":0,"name":"Shaded","section":"Shading Mode"},"sceneLighting":false,"audioPlay":false,"sceneViewState":{"showFog":false,"showMaterialUpdate":false,"showSkybox":false,"showFlares":false,"showImageEffects":false,"showParticleSystems":false},"in2DMode":false,"pivot":{"x":-4.76837158203125e-7,"y":1.7218375205993653,"z":-1.2211823463439942},"rotation":{"x":0.06938093900680542,"y":-0.8194074034690857,"z":0.5598629117012024,"w":0.10154494643211365},"size":27.637306213378908,"orthographic":true}