{"cameraMode":{"drawMode":0,"name":"Shaded","section":"Shading Mode"},"sceneLighting":false,"audioPlay":false,"sceneViewState":{"showFog":true,"showMaterialUpdate":true,"showSkybox":false,"showFlares":true,"showImageEffects":true,"showParticleSystems":true},"in2DMode":false,"pivot":{"x":287.79998779296877,"y":-0.6621912717819214,"z":129.35719299316407},"rotation":{"x":0.11447172611951828,"y":-0.8615133166313171,"z":0.44130825996398928,"w":0.22346815466880799},"size":23.14276885986328,"orthographic":true}