{"cameraMode":{"drawMode":0,"name":"Shaded","section":"Shading Mode"},"sceneLighting":false,"audioPlay":false,"sceneViewState":{"showFog":true,"showMaterialUpdate":true,"showSkybox":false,"showFlares":true,"showImageEffects":true,"showParticleSystems":true},"in2DMode":false,"pivot":{"x":-1.129014015197754,"y":2.2597925662994386,"z":2.384185791015625e-7},"rotation":{"x":0.000006749975000275299,"y":0.9999887347221375,"z":-0.0014999841805547476,"w":0.00449997978284955},"size":6.4207868576049809,"orthographic":true}