{"cameraMode":{"drawMode":0,"name":"Shaded","section":"Shading Mode"},"sceneLighting":false,"audioPlay":false,"sceneViewState":{"showFog":true,"showMaterialUpdate":true,"showSkybox":true,"showFlares":true,"showImageEffects":true,"showParticleSystems":true},"in2DMode":false,"pivot":{"x":1205.1923828125,"y":0.8095921277999878,"z":1263.2650146484375},"rotation":{"x":0.04821494221687317,"y":-0.8196553587913513,"z":0.0697546973824501,"w":0.5665463209152222},"size":8.958643913269043,"orthographic":true}