{"cameraMode":{"drawMode":0,"name":"Shaded","section":"Shading Mode"},"sceneLighting":false,"audioPlay":false,"sceneViewState":{"showFog":true,"showMaterialUpdate":true,"showSkybox":false,"showFlares":true,"showImageEffects":true,"showParticleSystems":true},"in2DMode":false,"pivot":{"x":340.91314697265627,"y":0.31506913900375368,"z":117.84901428222656},"rotation":{"x":-0.229044571518898,"y":-0.6230635643005371,"z":0.19786812365055085,"w":-0.7212340831756592},"size":1.233338475227356,"orthographic":false}