{"cameraMode":{"drawMode":0,"name":"Shaded","section":"Shading Mode"},"sceneLighting":false,"audioPlay":false,"sceneViewState":{"showFog":true,"showMaterialUpdate":true,"showSkybox":false,"showFlares":true,"showImageEffects":true,"showParticleSystems":true},"in2DMode":false,"pivot":{"x":169.51612854003907,"y":0.44999998807907107,"z":78.05780029296875},"rotation":{"x":0.2971472144126892,"y":0.3906122148036957,"z":-0.1348421573638916,"w":0.860780656337738},"size":618.0584716796875,"orthographic":true}