{"cameraMode":{"drawMode":0,"name":"Shaded","section":"Shading Mode"},"sceneLighting":false,"audioPlay":false,"sceneViewState":{"showFog":true,"showMaterialUpdate":true,"showSkybox":false,"showFlares":true,"showImageEffects":true,"showParticleSystems":true},"in2DMode":false,"pivot":{"x":397.3999938964844,"y":-0.8999999761581421,"z":159.8333282470703},"rotation":{"x":0.3172638714313507,"y":-0.47767016291618349,"z":0.1901773363351822,"w":0.7968735694885254},"size":35.414459228515628,"orthographic":true}