{"cameraMode":{"drawMode":0,"name":"Shaded","section":"Shading Mode"},"sceneLighting":false,"audioPlay":false,"sceneViewState":{"showFog":false,"showMaterialUpdate":false,"showSkybox":false,"showFlares":false,"showImageEffects":false,"showParticleSystems":false},"in2DMode":false,"pivot":{"x":241.00013732910157,"y":9.514715194702149,"z":224.83518981933595},"rotation":{"x":0.4546641707420349,"y":-0.5376703143119812,"z":0.43648383021354678,"w":0.5600652694702148},"size":817.4925537109375,"orthographic":true}