{"cameraMode":{"drawMode":0,"name":"Shaded","section":"Shading Mode"},"sceneLighting":false,"audioPlay":false,"sceneViewState":{"showFog":false,"showMaterialUpdate":false,"showSkybox":false,"showFlares":false,"showImageEffects":false,"showParticleSystems":false},"in2DMode":false,"pivot":{"x":-1141.969970703125,"y":62.969459533691409,"z":-983.1007690429688},"rotation":{"x":0.3525411784648895,"y":0.05329923331737518,"z":-0.020116524770855905,"w":0.9340605735778809},"size":22.0,"orthographic":true}