{"cameraMode":{"drawMode":0,"name":"Shaded","section":"Shading Mode"},"sceneLighting":false,"audioPlay":false,"sceneViewState":{"showFog":false,"showMaterialUpdate":false,"showSkybox":false,"showFlares":false,"showImageEffects":false,"showParticleSystems":false},"in2DMode":false,"pivot":{"x":1213.4984130859375,"y":0.9274545311927795,"z":1267.32568359375},"rotation":{"x":0.2740342319011688,"y":0.6586543321609497,"z":-0.2811959683895111,"w":0.6418790221214294},"size":25.19558334350586,"orthographic":true}