{"cameraMode":{"drawMode":0,"name":"Shaded","section":"Shading Mode"},"sceneLighting":false,"audioPlay":false,"sceneViewState":{"showFog":true,"showMaterialUpdate":true,"showSkybox":false,"showFlares":true,"showImageEffects":true,"showParticleSystems":true},"in2DMode":false,"pivot":{"x":340.80230712890627,"y":1.0104844570159913,"z":117.86973571777344},"rotation":{"x":-0.29203954339027407,"y":-0.5746364593505859,"z":0.23018357157707215,"w":-0.7290551066398621},"size":5.917659759521484,"orthographic":false}