{"cameraMode":{"drawMode":0,"name":"Shaded","section":"Shading Mode"},"sceneLighting":false,"audioPlay":false,"sceneViewState":{"showFog":true,"showMaterialUpdate":true,"showSkybox":false,"showFlares":true,"showImageEffects":true,"showParticleSystems":true},"in2DMode":false,"pivot":{"x":405.6313171386719,"y":1.785788655281067,"z":185.97000122070313},"rotation":{"x":0.10230103135108948,"y":-0.8886002898216248,"z":0.24162781238555909,"w":0.37621811032295229},"size":45.76005935668945,"orthographic":true}