{"cameraMode":{"drawMode":0,"name":"Shaded","section":"Shading Mode"},"sceneLighting":false,"audioPlay":false,"sceneViewState":{"showFog":true,"showMaterialUpdate":true,"showSkybox":false,"showFlares":true,"showImageEffects":true,"showParticleSystems":true},"in2DMode":false,"pivot":{"x":339.0322570800781,"y":2.619999885559082,"z":150.35000610351563},"rotation":{"x":0.17693234980106355,"y":0.017714615911245347,"z":-0.003186283865943551,"w":0.9840584397315979},"size":0.07724468410015106,"orthographic":true}