{"cameraMode":{"drawMode":0,"name":"Shaded","section":"Shading Mode"},"sceneLighting":false,"audioPlay":false,"sceneViewState":{"showFog":true,"showMaterialUpdate":true,"showSkybox":false,"showFlares":true,"showImageEffects":true,"showParticleSystems":true},"in2DMode":false,"pivot":{"x":343.808837890625,"y":1.3374947309494019,"z":147.20196533203126},"rotation":{"x":-0.12404840439558029,"y":-0.7955226898193359,"z":0.17405524849891663,"w":-0.5669748187065125},"size":2.2516703605651857,"orthographic":true}