{"cameraMode":{"drawMode":0,"name":"Shaded","section":"Shading Mode"},"sceneLighting":false,"audioPlay":false,"sceneViewState":{"showFog":false,"showMaterialUpdate":false,"showSkybox":false,"showFlares":false,"showImageEffects":false,"showParticleSystems":false},"in2DMode":false,"pivot":{"x":334.79998779296877,"y":2.3178749084472658,"z":78.10000610351563},"rotation":{"x":0.05780034884810448,"y":-0.9421509504318237,"z":0.22846227884292603,"w":0.23836055397987367},"size":591.2657470703125,"orthographic":true}