{"cameraMode":{"drawMode":0,"name":"Shaded","section":"Shading Mode"},"sceneLighting":false,"audioPlay":false,"sceneViewState":{"showFog":true,"showMaterialUpdate":true,"showSkybox":false,"showFlares":true,"showImageEffects":true,"showParticleSystems":true},"in2DMode":false,"pivot":{"x":343.808837890625,"y":1.2937601804733277,"z":147.20196533203126},"rotation":{"x":-0.24026155471801759,"y":-0.5611761212348938,"z":0.17451485991477967,"w":-0.7725933194160461},"size":9.037317276000977,"orthographic":true}