{"cameraMode":{"drawMode":0,"name":"Shaded","section":"Shading Mode"},"sceneLighting":false,"audioPlay":false,"sceneViewState":{"showFog":true,"showMaterialUpdate":true,"showSkybox":false,"showFlares":true,"showImageEffects":true,"showParticleSystems":true},"in2DMode":false,"pivot":{"x":339.2828369140625,"y":0.8183190226554871,"z":155.67491149902345},"rotation":{"x":-0.11420291662216187,"y":0.7925422787666321,"z":-0.15653499960899354,"w":-0.5782138705253601},"size":5.319092273712158,"orthographic":true}