{"cameraMode":{"drawMode":0,"name":"Shaded","section":"Shading Mode"},"sceneLighting":false,"audioPlay":false,"sceneViewState":{"showFog":true,"showMaterialUpdate":true,"showSkybox":false,"showFlares":true,"showImageEffects":true,"showParticleSystems":true},"in2DMode":false,"pivot":{"x":342.3883972167969,"y":-0.002443164587020874,"z":162.60513305664063},"rotation":{"x":0.0812659040093422,"y":0.7476038336753845,"z":-0.09310349076986313,"w":0.6525459289550781},"size":22.0,"orthographic":true}