{"cameraMode":{"drawMode":0,"name":"Shaded","section":"Shading Mode"},"sceneLighting":false,"audioPlay":false,"sceneViewState":{"showFog":true,"showMaterialUpdate":true,"showSkybox":true,"showFlares":true,"showImageEffects":true,"showParticleSystems":true},"in2DMode":false,"pivot":{"x":1210.49951171875,"y":3.6050000190734865,"z":1272.8349609375},"rotation":{"x":-0.1747649759054184,"y":0.4573705196380615,"z":-0.09218865633010864,"w":-0.867047131061554},"size":11.667262077331543,"orthographic":true}